,Date,Price
0,2010-07-16,0.049510000000000005
1,2010-07-17,0.08584
2,2010-07-18,0.0808
3,2010-07-19,0.07474
4,2010-07-20,0.07921
5,2010-07-21,0.0505
6,2010-07-22,0.06262000000000001
7,2010-07-23,0.05454
8,2010-07-24,0.0505
9,2010-07-25,0.055999999999999994
10,2010-07-26,0.06
11,2010-07-27,0.0589
12,2010-07-28,0.0699
13,2010-07-29,0.0627
14,2010-07-30,0.06785
15,2010-07-31,0.0611
16,2010-08-01,0.06
17,2010-08-02,0.06
18,2010-08-03,0.057
19,2010-08-04,0.061
20,2010-08-05,0.0623
21,2010-08-06,0.059000000000000004
22,2010-08-07,0.0609
23,2010-08-08,0.071
24,2010-08-09,0.07
25,2010-08-10,0.067
26,2010-08-11,0.07
27,2010-08-12,0.0645
28,2010-08-13,0.067
29,2010-08-14,0.06529
30,2010-08-15,0.0655
31,2010-08-16,0.07
32,2010-08-17,0.068
33,2010-08-18,0.0667
34,2010-08-19,0.0655
35,2010-08-20,0.0664
36,2010-08-21,0.066
37,2010-08-22,0.06491
38,2010-08-23,0.065
39,2010-08-24,0.0648
40,2010-08-25,0.064
41,2010-08-26,0.065
42,2010-08-27,0.0641
43,2010-08-28,0.064
44,2010-08-29,0.06497
45,2010-08-30,0.06
46,2010-08-31,0.0629
47,2010-09-01,0.0634
48,2010-09-02,0.06085
49,2010-09-03,0.06238
50,2010-09-04,0.0616
51,2010-09-05,0.0616
52,2010-09-06,0.061
53,2010-09-07,0.062
54,2010-09-08,0.06111000000000001
55,2010-09-09,0.0618
56,2010-09-10,0.06366000000000001
57,2010-09-11,0.0615
58,2010-09-12,0.06219
59,2010-09-13,0.06199
60,2010-09-14,0.0604
61,2010-09-15,0.0619
62,2010-09-16,0.059000000000000004
63,2010-09-17,0.061
64,2010-09-18,0.0627
65,2010-09-19,0.0621
66,2010-09-20,0.06265
67,2010-09-21,0.0622
68,2010-09-22,0.06231
69,2010-09-23,0.0622
70,2010-09-24,0.06202000000000001
71,2010-09-25,0.062
72,2010-09-26,0.0622
73,2010-09-27,0.0619
74,2010-09-28,0.06191
75,2010-09-29,0.0619
76,2010-09-30,0.06197
77,2010-10-01,0.0614
78,2010-10-02,0.06111000000000001
79,2010-10-03,0.0613
80,2010-10-04,0.0614
81,2010-10-05,0.06281
82,2010-10-06,0.067
83,2010-10-07,0.08685
84,2010-10-08,0.0938
85,2010-10-09,0.0965
86,2010-10-10,0.095
87,2010-10-11,0.0949
88,2010-10-12,0.105
89,2010-10-13,0.102
90,2010-10-14,0.105
91,2010-10-15,0.10099999999999999
92,2010-10-16,0.102
93,2010-10-17,0.1024
94,2010-10-18,0.09699999999999999
95,2010-10-19,0.099
96,2010-10-20,0.107
97,2010-10-21,0.1025
98,2010-10-22,0.1055
99,2010-10-23,0.115
100,2010-10-24,0.132
101,2010-10-25,0.1503
102,2010-10-26,0.1877
103,2010-10-27,0.1731
104,2010-10-28,0.19
105,2010-10-29,0.1989
106,2010-10-30,0.1925
107,2010-11-01,0.1955
108,2010-11-02,0.1938
109,2010-11-03,0.1931
110,2010-11-04,0.23
111,2010-11-05,0.26
112,2010-11-06,0.39
113,2010-11-07,0.34
114,2010-11-08,0.243
115,2010-11-09,0.21
116,2010-11-10,0.24
117,2010-11-11,0.2231
118,2010-11-12,0.2682
119,2010-11-13,0.276
120,2010-11-14,0.27899999999999997
121,2010-11-15,0.2682
122,2010-11-16,0.223
123,2010-11-17,0.2299
124,2010-11-18,0.2678
125,2010-11-19,0.28
126,2010-11-20,0.28300000000000003
127,2010-11-21,0.2767
128,2010-11-22,0.2879
129,2010-11-23,0.2829
130,2010-11-24,0.28300000000000003
131,2010-11-25,0.28
132,2010-11-26,0.2844
133,2010-11-27,0.28300000000000003
134,2010-11-28,0.27
135,2010-11-29,0.2299
136,2010-11-30,0.2082
137,2010-12-01,0.2275
138,2010-12-02,0.255
139,2010-12-03,0.251
140,2010-12-04,0.205
141,2010-12-05,0.19
142,2010-12-06,0.204
143,2010-12-07,0.233
144,2010-12-08,0.2388
145,2010-12-09,0.2
146,2010-12-10,0.204
147,2010-12-11,0.228
148,2010-12-12,0.22
149,2010-12-13,0.2299
150,2010-12-14,0.2467
151,2010-12-15,0.23800000000000002
152,2010-12-16,0.25
153,2010-12-17,0.24
154,2010-12-18,0.24100000000000002
155,2010-12-19,0.2401
156,2010-12-20,0.267
157,2010-12-21,0.24
158,2010-12-22,0.25
159,2010-12-23,0.25
160,2010-12-24,0.248
161,2010-12-25,0.2499
162,2010-12-26,0.265
163,2010-12-27,0.265
164,2010-12-28,0.281
165,2010-12-29,0.3
166,2010-12-30,0.3
167,2010-12-31,0.3
168,2011-01-01,0.3
169,2011-01-02,0.3
170,2011-01-03,0.295
171,2011-01-04,0.2989
172,2011-01-05,0.299
173,2011-01-06,0.298
174,2011-01-07,0.32
175,2011-01-08,0.3229
176,2011-01-09,0.32299999999999995
177,2011-01-10,0.3266
178,2011-01-11,0.3266
179,2011-01-12,0.3188
180,2011-01-13,0.3176
181,2011-01-14,0.4
182,2011-01-15,0.386
183,2011-01-16,0.3868
184,2011-01-17,0.3495
185,2011-01-18,0.313
186,2011-01-19,0.313
187,2011-01-20,0.39
188,2011-01-21,0.4199
189,2011-01-22,0.4443
190,2011-01-23,0.4424
191,2011-01-24,0.4199
192,2011-01-25,0.41
193,2011-01-26,0.41700000000000004
194,2011-01-27,0.4212
195,2011-01-28,0.446
196,2011-01-29,0.439
197,2011-01-30,0.4799
198,2011-01-31,0.52
199,2011-02-01,0.7
200,2011-02-02,0.716
201,2011-02-03,0.69
202,2011-02-04,0.8109999999999999
203,2011-02-05,0.92
204,2011-02-06,0.8997
205,2011-02-07,0.89
206,2011-02-08,0.9179999999999999
207,2011-02-09,1.09
208,2011-02-10,0.9803
209,2011-02-11,1.07
210,2011-02-12,1.08
211,2011-02-13,1.05
212,2011-02-14,1.07
213,2011-02-15,1.05
214,2011-02-16,1.05
215,2011-02-17,1.04
216,2011-02-18,0.8989
217,2011-02-19,0.9490000000000001
218,2011-02-20,0.85
219,2011-02-21,0.8345
220,2011-02-22,0.8702
221,2011-02-23,0.9
222,2011-02-24,0.9974
223,2011-02-25,0.9111
224,2011-02-26,0.958
225,2011-02-27,0.89
226,2011-02-28,0.86
227,2011-03-01,0.9202
228,2011-03-02,0.9399
229,2011-03-03,0.9391
230,2011-03-04,0.9009999999999999
231,2011-03-05,0.9103
232,2011-03-06,0.8999
233,2011-03-07,0.885
234,2011-03-08,0.87
235,2011-03-09,0.8645
236,2011-03-10,0.9329
237,2011-03-11,0.88
238,2011-03-12,0.9179999999999999
239,2011-03-13,0.8925
240,2011-03-14,0.8949
241,2011-03-15,0.87
242,2011-03-16,0.86
243,2011-03-17,0.8254
244,2011-03-18,0.8165
245,2011-03-19,0.765
246,2011-03-20,0.7411
247,2011-03-21,0.759
248,2011-03-22,0.809
249,2011-03-23,0.8497
250,2011-03-24,0.8669
251,2011-03-25,0.8838
252,2011-03-26,0.8552
253,2011-03-27,0.82
254,2011-03-27,0.799
255,2011-03-28,0.7925
256,2011-03-29,0.7897
257,2011-03-30,0.7846
258,2011-03-31,0.7741
259,2011-04-01,0.782
260,2011-04-02,0.779
261,2011-04-03,0.68
262,2011-04-04,0.71
263,2011-04-05,0.74
264,2011-04-06,0.7538
265,2011-04-07,0.75
266,2011-04-08,0.73
267,2011-04-09,0.7369
268,2011-04-10,0.77
269,2011-04-11,0.86
270,2011-04-12,0.9225
271,2011-04-13,1.0
272,2011-04-14,0.9899
273,2011-04-15,1.05
274,2011-04-16,1.11
275,2011-04-17,1.16
276,2011-04-18,1.2
277,2011-04-19,1.14
278,2011-04-20,1.21
279,2011-04-21,1.41
280,2011-04-22,1.7
281,2011-04-23,1.63
282,2011-04-24,1.56
283,2011-04-25,1.79
284,2011-04-26,1.9
285,2011-04-27,2.21
286,2011-04-28,2.88
287,2011-04-29,3.5
288,2011-04-30,3.03
289,2011-05-01,3.2
290,2011-05-02,3.41
291,2011-05-03,3.41
292,2011-05-04,3.33
293,2011-05-05,3.45
294,2011-05-06,3.64
295,2011-05-07,3.87
296,2011-05-08,3.8
297,2011-05-09,5.81
298,2011-05-10,5.5
299,2011-05-11,6.3
300,2011-05-12,8.2
301,2011-05-13,7.2
302,2011-05-14,6.99
303,2011-05-15,8.03
304,2011-05-16,7.19
305,2011-05-17,6.88
306,2011-05-18,6.81
307,2011-05-19,5.59
308,2011-05-20,6.12
309,2011-05-21,6.69
310,2011-05-22,7.15
311,2011-05-23,7.42
312,2011-05-24,8.4
313,2011-05-25,8.8
314,2011-05-26,8.5
315,2011-05-27,8.3
316,2011-05-28,8.43
317,2011-05-29,8.8
318,2011-05-30,8.74
319,2011-05-31,9.57
320,2011-06-01,10.6
321,2011-06-02,14.29
322,2011-06-03,18.889999
323,2011-06-04,16.700001
324,2011-06-05,18.549999
325,2011-06-06,23.92
326,2011-06-07,29.6
327,2011-06-08,28.92
328,2011-06-09,23.950001
329,2011-06-10,14.65
330,2011-06-11,18.549999
331,2011-06-12,19.84
332,2011-06-13,19.280001
333,2011-06-14,19.49
334,2011-06-15,17.0
335,2011-06-16,15.68
336,2011-06-17,16.889999
337,2011-06-18,17.51
338,2011-06-19,17.51
339,2011-06-20,17.51
340,2011-06-21,17.51
341,2011-06-22,17.51
342,2011-06-23,17.51
343,2011-06-24,17.51
344,2011-06-25,16.450001
345,2011-06-26,16.75
346,2011-06-27,16.950001
347,2011-06-28,16.85
348,2011-06-29,16.1
349,2011-06-30,15.4
350,2011-07-01,15.4
351,2011-07-02,15.44
352,2011-07-03,13.86
353,2011-07-04,12.91
354,2011-07-05,14.78
355,2011-07-06,14.78
356,2011-07-07,14.31
357,2011-07-08,14.38
358,2011-07-09,14.9
359,2011-07-10,14.21
360,2011-07-11,14.01
361,2011-07-12,13.95
362,2011-07-13,13.99
363,2011-07-14,13.81
364,2011-07-15,13.72
365,2011-07-16,13.16
366,2011-07-17,13.48
367,2011-07-18,13.85
368,2011-07-19,13.69
369,2011-07-20,13.61
370,2011-07-21,13.7
371,2011-07-22,13.68
372,2011-07-23,13.98
373,2011-07-24,14.05
374,2011-07-25,13.88
375,2011-07-26,13.94
376,2011-07-27,13.49
377,2011-07-28,13.5
378,2011-07-29,13.53
379,2011-07-30,13.35
380,2011-07-31,13.09
381,2011-08-01,12.05
382,2011-08-02,9.26
383,2011-08-03,10.75
384,2011-08-04,9.8
385,2011-08-05,6.55
386,2011-08-06,7.9
387,2011-08-07,7.8
388,2011-08-08,9.99
389,2011-08-09,9.98
390,2011-08-10,9.46
391,2011-08-11,9.46
392,2011-08-12,10.13
393,2011-08-13,10.8
394,2011-08-14,11.15
395,2011-08-15,10.96
396,2011-08-16,10.95
397,2011-08-17,10.83
398,2011-08-18,11.65
399,2011-08-19,11.45
400,2011-08-20,11.31
401,2011-08-21,10.9
402,2011-08-22,10.94
403,2011-08-23,10.85
404,2011-08-24,9.66
405,2011-08-25,8.18
406,2011-08-26,8.59
407,2011-08-27,9.07
408,2011-08-28,8.97
409,2011-08-29,8.79
410,2011-08-30,8.2
411,2011-08-31,8.21
412,2011-09-01,8.64
413,2011-09-02,8.48
414,2011-09-03,8.18
415,2011-09-04,7.61
416,2011-09-05,6.86
417,2011-09-06,7.19
418,2011-09-07,6.53
419,2011-09-08,5.03
420,2011-09-09,4.77
421,2011-09-10,5.86
422,2011-09-11,6.08
423,2011-09-12,5.8
424,2011-09-13,5.62
425,2011-09-14,4.84
426,2011-09-15,4.82
427,2011-09-16,4.77
428,2011-09-17,5.2
429,2011-09-18,5.46
430,2011-09-19,6.11
431,2011-09-20,5.61
432,2011-09-21,5.43
433,2011-09-22,5.55
434,2011-09-23,5.47
435,2011-09-24,5.33
436,2011-09-25,4.87
437,2011-09-26,4.92
438,2011-09-27,4.77
439,2011-09-28,4.78
440,2011-09-29,5.14
441,2011-09-30,5.03
442,2011-10-01,5.03
443,2011-10-02,5.02
444,2011-10-03,4.96
445,2011-10-04,4.87
446,2011-10-05,4.73
447,2011-10-06,4.27
448,2011-10-07,4.01
449,2011-10-08,4.1
450,2011-10-09,4.1
451,2011-10-10,3.93
452,2011-10-11,4.15
453,2011-10-12,4.05
454,2011-10-13,3.99
455,2011-10-14,3.84
456,2011-10-15,3.56
457,2011-10-16,2.56
458,2011-10-17,2.42
459,2011-10-18,2.27
460,2011-10-19,2.35
461,2011-10-20,2.57
462,2011-10-21,3.16
463,2011-10-22,3.17
464,2011-10-23,2.55
465,2011-10-24,2.77
466,2011-10-25,2.77
467,2011-10-26,3.04
468,2011-10-27,3.19
469,2011-10-28,3.58
470,2011-10-29,3.27
471,2011-10-31,3.25
472,2011-11-01,3.15
473,2011-11-02,3.25
474,2011-11-03,3.15
475,2011-11-04,3.11
476,2011-11-05,2.97
477,2011-11-06,2.96
478,2011-11-07,3.01
479,2011-11-08,3.04
480,2011-11-09,2.95
481,2011-11-10,2.84
482,2011-11-11,3.08
483,2011-11-12,3.03
484,2011-11-13,3.0
485,2011-11-14,2.22
486,2011-11-15,2.33
487,2011-11-16,2.56
488,2011-11-17,2.25
489,2011-11-18,2.05
490,2011-11-19,2.2
491,2011-11-20,2.2
492,2011-11-21,2.29
493,2011-11-22,2.33
494,2011-11-23,2.33
495,2011-11-24,2.43
496,2011-11-25,2.51
497,2011-11-26,2.47
498,2011-11-27,2.48
499,2011-11-28,2.55
500,2011-11-29,2.75
501,2011-11-30,2.97
502,2011-12-01,3.06
503,2011-12-02,3.12
504,2011-12-03,2.79
505,2011-12-04,2.83
506,2011-12-05,2.88
507,2011-12-06,3.03
508,2011-12-07,2.99
509,2011-12-08,2.98
510,2011-12-09,2.97
511,2011-12-10,3.05
512,2011-12-11,3.25
513,2011-12-12,3.14
514,2011-12-13,3.25
515,2011-12-14,3.15
516,2011-12-15,3.2
517,2011-12-16,3.2
518,2011-12-17,3.2
519,2011-12-18,3.19
520,2011-12-19,3.52
521,2011-12-20,3.95
522,2011-12-21,3.89
523,2011-12-22,3.89
524,2011-12-23,3.95
525,2011-12-24,3.94
526,2011-12-25,4.22
527,2011-12-26,4.02
528,2011-12-27,4.07
529,2011-12-28,4.19
530,2011-12-29,4.17
531,2011-12-30,4.25
532,2011-12-31,4.72
533,2012-01-01,5.27
534,2012-01-02,5.22
535,2012-01-03,4.88
536,2012-01-04,5.57
537,2012-01-05,6.95
538,2012-01-06,6.7
539,2012-01-07,6.81
540,2012-01-08,7.11
541,2012-01-09,6.33
542,2012-01-10,6.36
543,2012-01-11,6.9
544,2012-01-12,6.8
545,2012-01-13,6.41
546,2012-01-14,6.75
547,2012-01-15,7.0
548,2012-01-16,6.68
549,2012-01-17,5.6
550,2012-01-18,5.92
551,2012-01-19,6.36
552,2012-01-20,6.49
553,2012-01-21,6.18
554,2012-01-22,6.31
555,2012-01-23,6.36
556,2012-01-24,6.29
557,2012-01-25,5.75
558,2012-01-26,5.34
559,2012-01-27,5.29
560,2012-01-28,5.63
561,2012-01-29,5.38
562,2012-01-30,5.49
563,2012-01-31,5.48
564,2012-02-01,6.08
565,2012-02-02,6.1
566,2012-02-03,5.96
567,2012-02-04,5.87
568,2012-02-05,5.69
569,2012-02-06,5.45
570,2012-02-07,5.69
571,2012-02-08,5.6
572,2012-02-09,5.83
573,2012-02-10,5.91
574,2012-02-11,5.6
575,2012-02-12,5.51
576,2012-02-13,5.26
577,2012-02-14,4.46
578,2012-02-15,4.33
579,2012-02-16,4.27
580,2012-02-17,4.41
581,2012-02-18,4.22
582,2012-02-19,4.39
583,2012-02-20,4.36
584,2012-02-21,4.27
585,2012-02-22,4.42
586,2012-02-23,5.01
587,2012-02-24,5.03
588,2012-02-25,4.77
589,2012-02-26,4.92
590,2012-02-27,4.96
591,2012-02-28,4.87
592,2012-02-29,4.86
593,2012-03-01,4.92
594,2012-03-02,4.7
595,2012-03-03,4.61
596,2012-03-04,4.82
597,2012-03-05,4.98
598,2012-03-06,4.99
599,2012-03-07,4.94
600,2012-03-08,4.93
601,2012-03-09,4.86
602,2012-03-10,4.83
603,2012-03-11,4.91
604,2012-03-12,4.89
605,2012-03-13,5.27
606,2012-03-14,5.38
607,2012-03-15,5.33
608,2012-03-16,5.34
609,2012-03-17,5.22
610,2012-03-18,5.28
611,2012-03-19,4.69
612,2012-03-20,4.84
613,2012-03-21,4.81
614,2012-03-22,4.7
615,2012-03-23,4.69
616,2012-03-24,4.68
617,2012-03-25,4.55
618,2012-03-25,4.62
619,2012-03-26,4.81
620,2012-03-27,4.79
621,2012-03-28,4.81
622,2012-03-29,4.86
623,2012-03-30,4.91
624,2012-03-31,4.83
625,2012-04-01,4.97
626,2012-04-02,4.95
627,2012-04-03,4.91
628,2012-04-04,4.92
629,2012-04-05,4.95
630,2012-04-06,4.69
631,2012-04-07,4.79
632,2012-04-08,4.87
633,2012-04-09,4.84
634,2012-04-10,4.93
635,2012-04-11,4.92
636,2012-04-12,4.94
637,2012-04-13,4.96
638,2012-04-14,4.97
639,2012-04-15,4.93
640,2012-04-16,4.98
641,2012-04-17,5.12
642,2012-04-18,5.14
643,2012-04-19,5.35
644,2012-04-20,5.26
645,2012-04-21,5.2
646,2012-04-22,4.96
647,2012-04-23,5.1
648,2012-04-24,5.13
649,2012-04-25,5.1
650,2012-04-26,5.11
651,2012-04-27,4.98
652,2012-04-28,4.9
653,2012-04-29,4.95
654,2012-04-30,5.0
655,2012-05-01,5.07
656,2012-05-02,5.13
657,2012-05-03,5.07
658,2012-05-04,5.08
659,2012-05-05,5.05
660,2012-05-06,5.06
661,2012-05-07,5.05
662,2012-05-08,5.04
663,2012-05-09,4.85
664,2012-05-10,4.96
665,2012-05-11,4.95
666,2012-05-12,4.93
667,2012-05-13,5.01
668,2012-05-14,5.04
669,2012-05-15,5.09
670,2012-05-16,5.1
671,2012-05-17,5.12
672,2012-05-18,5.1
673,2012-05-19,5.09
674,2012-05-20,5.1
675,2012-05-21,5.1
676,2012-05-22,5.14
677,2012-05-23,5.12
678,2012-05-24,5.15
679,2012-05-25,5.1
680,2012-05-26,5.14
681,2012-05-27,5.14
682,2012-05-28,5.15
683,2012-05-29,5.14
684,2012-05-30,5.18
685,2012-05-31,5.27
686,2012-06-01,5.25
687,2012-06-02,5.21
688,2012-06-03,5.27
689,2012-06-04,5.44
690,2012-06-05,5.46
691,2012-06-06,5.59
692,2012-06-07,5.63
693,2012-06-08,5.56
694,2012-06-09,5.47
695,2012-06-10,5.57
696,2012-06-11,5.7
697,2012-06-12,5.93
698,2012-06-13,5.95
699,2012-06-14,6.5
700,2012-06-15,6.4
701,2012-06-16,6.16
702,2012-06-17,6.31
703,2012-06-18,6.5
704,2012-06-19,6.67
705,2012-06-20,6.68
706,2012-06-21,6.55
707,2012-06-22,6.43
708,2012-06-23,6.35
709,2012-06-24,6.3
710,2012-06-25,6.42
711,2012-06-26,6.65
712,2012-06-27,6.61
713,2012-06-28,6.65
714,2012-06-29,6.69
715,2012-06-30,6.63
716,2012-07-01,6.76
717,2012-07-02,6.45
718,2012-07-03,6.51
719,2012-07-04,6.67
720,2012-07-05,6.65
721,2012-07-06,6.76
722,2012-07-07,6.8
723,2012-07-08,7.02
724,2012-07-09,7.2
725,2012-07-10,7.15
726,2012-07-11,7.76
727,2012-07-12,7.67
728,2012-07-13,7.54
729,2012-07-14,7.62
730,2012-07-15,8.5
731,2012-07-16,8.8
732,2012-07-17,9.11
733,2012-07-18,8.87
734,2012-07-19,8.52
735,2012-07-20,8.85
736,2012-07-21,8.41
737,2012-07-22,8.45
738,2012-07-23,8.6
739,2012-07-24,8.8
740,2012-07-25,8.9
741,2012-07-26,8.9
742,2012-07-27,8.89
743,2012-07-28,8.71
744,2012-07-29,9.1
745,2012-07-30,9.35
746,2012-07-31,9.55
747,2012-08-01,10.53
748,2012-08-02,10.97
749,2012-08-03,10.98
750,2012-08-04,10.87
751,2012-08-05,10.86
752,2012-08-06,11.1
753,2012-08-07,11.06
754,2012-08-08,11.06
755,2012-08-09,11.39
756,2012-08-10,11.51
757,2012-08-11,11.62
758,2012-08-12,12.04
759,2012-08-13,12.19
760,2012-08-14,13.25
761,2012-08-15,13.5
762,2012-08-16,11.58
763,2012-08-17,11.61
764,2012-08-18,8.0
765,2012-08-19,10.1
766,2012-08-20,9.92
767,2012-08-21,9.81
768,2012-08-22,10.1
769,2012-08-23,10.6
770,2012-08-24,10.52
771,2012-08-25,10.61
772,2012-08-26,10.95
773,2012-08-27,10.94
774,2012-08-28,10.92
775,2012-08-29,10.78
776,2012-08-30,10.16
777,2012-08-31,9.97
778,2012-09-01,10.2
779,2012-09-02,10.53
780,2012-09-03,10.38
781,2012-09-04,11.0
782,2012-09-05,11.18
783,2012-09-06,11.0
784,2012-09-07,11.04
785,2012-09-08,11.02
786,2012-09-09,11.17
787,2012-09-10,11.33
788,2012-09-11,11.36
789,2012-09-12,11.4
790,2012-09-13,11.67
791,2012-09-14,11.75
792,2012-09-15,11.87
793,2012-09-16,11.89
794,2012-09-17,12.25
795,2012-09-18,12.57
796,2012-09-19,12.28
797,2012-09-20,12.37
798,2012-09-21,12.24
799,2012-09-22,12.19
800,2012-09-23,12.1
801,2012-09-24,12.2
802,2012-09-25,12.27
803,2012-09-26,12.31
804,2012-09-27,12.39
805,2012-09-28,12.36
806,2012-09-29,12.4
807,2012-09-30,12.4
808,2012-10-01,12.84
809,2012-10-02,12.89
810,2012-10-03,12.85
811,2012-10-04,12.69
812,2012-10-05,12.51
813,2012-10-06,11.8
814,2012-10-07,11.78
815,2012-10-08,11.9
816,2012-10-09,12.12
817,2012-10-10,12.03
818,2012-10-11,12.0
819,2012-10-12,11.86
820,2012-10-13,11.74
821,2012-10-14,11.84
822,2012-10-15,11.85
823,2012-10-16,11.81
824,2012-10-17,11.94
825,2012-10-18,11.74
826,2012-10-19,11.74
827,2012-10-20,11.63
828,2012-10-21,11.71
829,2012-10-22,11.65
830,2012-10-23,11.65
831,2012-10-24,10.86
832,2012-10-25,10.17
833,2012-10-26,10.26
834,2012-10-27,10.7
835,2012-10-29,10.6
836,2012-10-30,10.89
837,2012-10-31,11.2
838,2012-11-01,10.57
839,2012-11-02,10.47
840,2012-11-03,10.64
841,2012-11-04,10.8
842,2012-11-05,10.75
843,2012-11-06,10.9
844,2012-11-07,10.92
845,2012-11-08,10.93
846,2012-11-09,10.82
847,2012-11-10,10.89
848,2012-11-11,10.87
849,2012-11-12,11.01
850,2012-11-13,10.95
851,2012-11-14,10.95
852,2012-11-15,11.2
853,2012-11-16,11.75
854,2012-11-17,11.79
855,2012-11-18,11.65
856,2012-11-19,11.8
857,2012-11-20,11.73
858,2012-11-21,11.77
859,2012-11-22,12.42
860,2012-11-23,12.35
861,2012-11-24,12.41
862,2012-11-25,12.48
863,2012-11-26,12.25
864,2012-11-27,12.2
865,2012-11-28,12.35
866,2012-11-29,12.45
867,2012-11-30,12.57
868,2012-12-01,12.56
869,2012-12-02,12.5
870,2012-12-03,12.68
871,2012-12-04,13.41
872,2012-12-05,13.38
873,2012-12-06,13.3
874,2012-12-07,13.5
875,2012-12-08,13.42
876,2012-12-09,13.39
877,2012-12-10,13.43
878,2012-12-11,13.56
879,2012-12-12,13.7
880,2012-12-13,13.7
881,2012-12-14,13.6
882,2012-12-15,13.49
883,2012-12-16,13.3
884,2012-12-17,13.25
885,2012-12-18,13.3
886,2012-12-19,13.6
887,2012-12-20,13.52
888,2012-12-21,13.5
889,2012-12-22,13.37
890,2012-12-23,13.31
891,2012-12-24,13.38
892,2012-12-25,13.35
893,2012-12-26,13.47
894,2012-12-27,13.42
895,2012-12-28,13.42
896,2012-12-29,13.4
897,2012-12-30,13.45
898,2012-12-31,13.51
899,2013-01-01,13.3
900,2013-01-02,13.28
901,2013-01-03,13.4
902,2013-01-04,13.5
903,2013-01-05,13.44
904,2013-01-06,13.45
905,2013-01-07,13.59
906,2013-01-08,13.74
907,2013-01-09,13.77
908,2013-01-10,14.14
909,2013-01-11,14.14
910,2013-01-12,14.24
911,2013-01-13,14.12
912,2013-01-14,14.3
913,2013-01-15,14.25
914,2013-01-16,14.73
915,2013-01-17,15.5
916,2013-01-18,15.7
917,2013-01-19,15.62
918,2013-01-20,15.7
919,2013-01-21,16.799999
920,2013-01-22,17.26
921,2013-01-23,17.5
922,2013-01-24,16.9
923,2013-01-25,17.4
924,2013-01-26,17.879998999999994
925,2013-01-27,17.82
926,2013-01-28,18.719999
927,2013-01-29,19.530001
928,2013-01-30,19.700001
929,2013-01-31,20.41
930,2013-02-01,20.5
931,2013-02-02,19.629999
932,2013-02-03,20.59
933,2013-02-04,20.43
934,2013-02-05,20.6
935,2013-02-06,21.18
936,2013-02-07,22.15
937,2013-02-08,22.66
938,2013-02-09,23.65
939,2013-02-10,23.969999
940,2013-02-11,24.65
941,2013-02-12,25.17
942,2013-02-13,24.200001
943,2013-02-14,27.219999
944,2013-02-15,27.1
945,2013-02-16,27.219999
946,2013-02-17,26.809999
947,2013-02-18,26.950001
948,2013-02-19,29.42
949,2013-02-20,29.65
950,2013-02-21,29.75
951,2013-02-22,30.25
952,2013-02-23,29.799999
953,2013-02-24,29.889999
954,2013-02-25,30.4
955,2013-02-26,31.1
956,2013-02-27,30.9
957,2013-02-28,33.380001
958,2013-03-01,34.5
959,2013-03-02,34.25
960,2013-03-03,34.5
961,2013-03-04,36.150002
962,2013-03-05,40.330002
963,2013-03-06,41.02
964,2013-03-07,42.0
965,2013-03-08,44.18
966,2013-03-09,46.849998
967,2013-03-10,46.0
968,2013-03-11,48.400002
969,2013-03-12,44.290001
970,2013-03-13,46.919998
971,2013-03-14,47.169998
972,2013-03-15,46.950001
973,2013-03-16,47.0
974,2013-03-17,47.400002
975,2013-03-18,51.599998
976,2013-03-19,59.139999
977,2013-03-20,64.489998
978,2013-03-21,70.849998
979,2013-03-22,69.870003
980,2013-03-23,64.349998
981,2013-03-24,71.5
982,2013-03-25,73.599998
983,2013-03-26,78.5
984,2013-03-27,88.91999799999998
985,2013-03-28,86.18
986,2013-03-29,90.5
987,2013-03-30,92.190002
988,2013-03-31,93.029999
989,2013-03-31,104.0
990,2013-04-01,117.980003
991,2013-04-02,135.0
992,2013-04-03,132.119995
993,2013-04-04,142.320007
994,2013-04-05,142.630005
995,2013-04-06,162.300003
996,2013-04-07,187.5
997,2013-04-08,230.0
998,2013-04-09,165.0
999,2013-04-10,124.900002
1000,2013-04-11,117.0
1001,2013-04-12,93.0
1002,2013-04-13,90.0
1003,2013-04-14,82.389999
1004,2013-04-15,68.360001
1005,2013-04-16,93.07
1006,2013-04-17,109.010002
1007,2013-04-18,118.480003
1008,2013-04-19,126.620003
1009,2013-04-20,119.199997
1010,2013-04-21,127.400002
1011,2013-04-22,143.479996
1012,2013-04-23,154.199997
1013,2013-04-24,141.71000700000005
1014,2013-04-25,136.899994
1015,2013-04-26,128.0
1016,2013-04-27,134.440002
1017,2013-04-28,144.0
1018,2013-04-29,139.229996
1019,2013-04-30,116.379997
1020,2013-05-01,106.25
1021,2013-05-02,98.099998
1022,2013-05-03,112.900002
1023,2013-05-04,115.980003
1024,2013-05-05,112.25
1025,2013-05-06,109.599998
1026,2013-05-07,113.199997
1027,2013-05-08,112.800003
1028,2013-05-09,117.699997
1029,2013-05-10,115.639999
1030,2013-05-11,114.82
1031,2013-05-12,117.980003
1032,2013-05-13,111.400002
1033,2013-05-14,114.220001
1034,2013-05-15,118.209999
1035,2013-05-16,123.5
1036,2013-05-17,123.209999
1037,2013-05-18,122.5
1038,2013-05-19,122.019997
1039,2013-05-20,122.889999
1040,2013-05-21,123.800003
1041,2013-05-22,126.300003
1042,2013-05-23,133.100006
1043,2013-05-24,131.990005
1044,2013-05-25,133.5
1045,2013-05-26,129.770004
1046,2013-05-27,129.0
1047,2013-05-28,132.25
1048,2013-05-29,128.800003
1049,2013-05-30,128.820007
1050,2013-05-31,129.300003
1051,2013-06-01,122.5
1052,2013-06-02,120.739998
1053,2013-06-03,121.400002
1054,2013-06-04,121.900002
1055,2013-06-05,118.970001
1056,2013-06-06,111.0
1057,2013-06-07,107.889999
1058,2013-06-08,100.440002
1059,2013-06-09,106.349998
1060,2013-06-10,109.0
1061,2013-06-11,108.779999
1062,2013-06-12,103.949997
1063,2013-06-13,100.0
1064,2013-06-14,99.800003
1065,2013-06-15,99.900002
1066,2013-06-16,101.949997
1067,2013-06-17,107.349998
1068,2013-06-18,108.25
1069,2013-06-19,111.290001
1070,2013-06-20,109.5
1071,2013-06-21,108.199997
1072,2013-06-22,107.900002
1073,2013-06-23,102.089996
1074,2013-06-24,103.330002
1075,2013-06-25,104.0
1076,2013-06-26,101.739998
1077,2013-06-27,94.660004
1078,2013-06-28,95.0
1079,2013-06-29,97.510002
1080,2013-06-30,88.050003
1081,2013-07-01,90.410004
1082,2013-07-02,78.889999
1083,2013-07-03,80.040001
1084,2013-07-04,68.5
1085,2013-07-05,69.660004
1086,2013-07-06,76.5
1087,2013-07-07,76.0
1088,2013-07-08,76.699997
1089,2013-07-09,88.0
1090,2013-07-10,88.980003
1091,2013-07-11,93.989998
1092,2013-07-12,98.32
1093,2013-07-13,94.419998
1094,2013-07-14,98.889999
1095,2013-07-15,97.099998
1096,2013-07-16,98.5
1097,2013-07-17,90.07
1098,2013-07-18,92.0
1099,2013-07-19,89.82
1100,2013-07-20,92.0
1101,2013-07-21,91.599998
1102,2013-07-22,95.559998
1103,2013-07-23,95.089996
1104,2013-07-24,96.949997
1105,2013-07-25,96.019997
1106,2013-07-26,94.400002
1107,2013-07-27,98.779999
1108,2013-07-28,101.480003
1109,2013-07-29,107.959999
1110,2013-07-30,106.209999
1111,2013-07-31,104.0
1112,2013-08-01,104.5
1113,2013-08-02,104.949997
1114,2013-08-03,105.120003
1115,2013-08-04,106.720001
1116,2013-08-05,106.559998
1117,2013-08-06,105.989998
1118,2013-08-07,103.050003
1119,2013-08-08,102.800003
1120,2013-08-09,103.0
1121,2013-08-10,105.0
1122,2013-08-11,106.809998
1123,2013-08-12,109.599998
1124,2013-08-13,112.559998
1125,2013-08-14,109.989998
1126,2013-08-15,108.989998
1127,2013-08-16,112.75
1128,2013-08-17,113.379997
1129,2013-08-18,118.5
1130,2013-08-19,121.199997
1131,2013-08-20,123.300003
1132,2013-08-21,122.0
1133,2013-08-22,118.510002
1134,2013-08-23,119.599998
1135,2013-08-24,122.110001
1136,2013-08-25,120.07
1137,2013-08-26,131.28999299999998
1138,2013-08-27,128.759995
1139,2013-08-28,129.300003
1140,2013-08-29,138.029999
1141,2013-08-30,141.0
1142,2013-08-31,146.009995
1143,2013-09-01,144.0
1144,2013-09-02,144.0
1145,2013-09-03,132.509995
1146,2013-09-04,130.199997
1147,2013-09-05,121.900002
1148,2013-09-06,128.990005
1149,2013-09-07,126.32
1150,2013-09-08,133.100006
1151,2013-09-09,132.619995
1152,2013-09-10,142.100006
1153,2013-09-11,139.350006
1154,2013-09-12,140.660004
1155,2013-09-13,136.71000700000002
1156,2013-09-14,138.300003
1157,2013-09-15,139.419998
1158,2013-09-16,139.149994
1159,2013-09-17,140.410004
1160,2013-09-18,135.050003
1161,2013-09-19,133.809998
1162,2013-09-20,134.380005
1163,2013-09-21,134.0
1164,2013-09-22,133.399994
1165,2013-09-23,134.779999
1166,2013-09-24,135.0
1167,2013-09-25,137.100006
1168,2013-09-26,138.929993
1169,2013-09-27,142.5
1170,2013-09-28,143.880005
1171,2013-09-29,141.899994
1172,2013-09-30,140.300003
1173,2013-10-01,123.0
1174,2013-10-02,130.990005
1175,2013-10-03,136.820007
1176,2013-10-04,136.699997
1177,2013-10-05,137.800003
1178,2013-10-06,135.800003
1179,2013-10-07,136.490005
1180,2013-10-08,139.5
1181,2013-10-09,140.410004
1182,2013-10-10,140.100006
1183,2013-10-11,142.889999
1184,2013-10-12,147.529999
1185,2013-10-13,151.369995
1186,2013-10-14,158.089996
1187,2013-10-15,152.820007
1188,2013-10-16,157.589996
1189,2013-10-17,168.279999
1190,2013-10-18,183.149994
1191,2013-10-19,186.100006
1192,2013-10-20,192.779999
1193,2013-10-21,202.990005
1194,2013-10-22,227.970001
1195,2013-10-23,206.979996
1196,2013-10-24,197.880005
1197,2013-10-25,188.559998
1198,2013-10-26,206.910004
1199,2013-10-28,206.899994
1200,2013-10-29,216.0
1201,2013-10-30,208.0
1202,2013-10-31,211.169998
1203,2013-11-01,213.429993
1204,2013-11-02,211.690002
1205,2013-11-03,224.0
1206,2013-11-04,238.160004
1207,2013-11-05,251.300003
1208,2013-11-06,264.100006
1209,2013-11-07,309.649994
1210,2013-11-08,355.0
1211,2013-11-09,367.790009
1212,2013-11-10,336.320007
1213,2013-11-11,362.980011
1214,2013-11-12,380.040009
1215,2013-11-13,434.850006
1216,2013-11-14,433.39999400000005
1217,2013-11-15,433.920013
1218,2013-11-16,461.959991
1219,2013-11-17,528.299988
1220,2013-11-18,785.429993
1221,2013-11-19,645.6900019999998
1222,2013-11-20,637.969971
1223,2013-11-21,764.909973
1224,2013-11-22,802.0
1225,2013-11-23,832.5
1226,2013-11-24,795.01001
1227,2013-11-25,829.98999
1228,2013-11-26,969.960022
1229,2013-11-27,1079.890015
1230,2013-11-28,1101.380005
1231,2013-11-29,1206.930054
1232,2013-11-30,1205.660034
1233,2013-12-01,1004.390015
1234,2013-12-02,1096.560059
1235,2013-12-03,1154.859985
1236,2013-12-04,1237.550049
1237,2013-12-05,1106.349976
1238,2013-12-06,845.0200199999998
1239,2013-12-07,697.02002
1240,2013-12-08,803.960022
1241,2013-12-09,918.950012
1242,2013-12-10,1033.719971
1243,2013-12-11,919.929993
1244,2013-12-12,899.9799800000002
1245,2013-12-13,936.77002
1246,2013-12-14,908.940002
1247,2013-12-15,919.880005
1248,2013-12-16,759.919983
1249,2013-12-17,714.969971
1250,2013-12-18,540.97998
1251,2013-12-19,731.950012
1252,2013-12-20,649.960022
1253,2013-12-21,640.47998
1254,2013-12-22,639.48999
1255,2013-12-23,713.23999
1256,2013-12-24,702.75
1257,2013-12-25,707.25
1258,2013-12-26,801.97998
1259,2013-12-27,803.049988
1260,2013-12-28,761.98999
1261,2013-12-29,784.960022
1262,2013-12-30,804.830017
1263,2013-12-31,805.9400019999998
1264,2014-01-01,815.9400019999998
1265,2014-01-02,856.909973
1266,2014-01-03,884.26001
1267,2014-01-04,924.690002
1268,2014-01-05,1014.73999
1269,2014-01-06,1012.650024
1270,2014-01-07,879.900024
1271,2014-01-08,938.840027
1272,2014-01-09,936.950012
1273,2014-01-10,957.76001
1274,2014-01-11,1005.320007
1275,2014-01-12,939.789978
1276,2014-01-13,922.909973
1277,2014-01-14,919.280029
1278,2014-01-15,941.219971
1279,2014-01-16,913.48999
1280,2014-01-17,894.159973
1281,2014-01-18,905.719971
1282,2014-01-19,954.799988
1283,2014-01-20,955.950012
1284,2014-01-21,962.210022
1285,2014-01-22,950.950012
1286,2014-01-23,944.159973
1287,2014-01-24,916.549988
1288,2014-01-25,961.049988
1289,2014-01-26,1007.0
1290,2014-01-27,943.539978
1291,2014-01-28,932.679993
1292,2014-01-29,925.669983
1293,2014-01-30,941.390015
1294,2014-01-31,938.849976
1295,2014-02-01,940.419983
1296,2014-02-02,953.309998
1297,2014-02-03,931.710022
1298,2014-02-04,926.640015
1299,2014-02-05,904.52002
1300,2014-02-06,828.869995
1301,2014-02-07,695.650024
1302,2014-02-08,648.780029
1303,2014-02-09,659.570007
1304,2014-02-10,582.630005
1305,2014-02-11,578.960022
1306,2014-02-12,531.130005
1307,2014-02-13,451.440002
1308,2014-02-14,427.679993
1309,2014-02-15,371.070007
1310,2014-02-16,299.799988
1311,2014-02-17,272.27999900000003
1312,2014-02-18,293.950012
1313,2014-02-19,261.52999900000003
1314,2014-02-20,111.919998
1315,2014-02-21,111.559998
1316,2014-02-22,255.589996
1317,2014-02-23,310.170013
1318,2014-02-24,174.0
1319,2014-02-25,135.779999
1320,2014-02-26,593.1400150000002
1321,2014-02-27,596.48999
1322,2014-02-28,573.9400019999998
1323,2014-03-01,557.3900150000002
1324,2014-03-02,544.5599980000002
1325,2014-03-03,662.179993
1326,2014-03-04,661.849976
1327,2014-03-05,658.299988
1328,2014-03-06,648.26001
1329,2014-03-07,616.72998
1330,2014-03-08,609.210022
1331,2014-03-09,627.049988
1332,2014-03-10,612.969971
1333,2014-03-11,608.6900019999998
1334,2014-03-12,619.429993
1335,2014-03-13,625.039978
1336,2014-03-14,614.030029
1337,2014-03-15,624.030029
1338,2014-03-16,619.1400150000002
1339,2014-03-17,606.380005
1340,2014-03-18,598.929993
1341,2014-03-19,594.960022
1342,2014-03-20,565.98999
1343,2014-03-21,549.599976
1344,2014-03-22,564.340027
1345,2014-03-23,551.159973
1346,2014-03-24,567.5599980000002
1347,2014-03-25,562.8900150000002
1348,2014-03-26,562.450012
1349,2014-03-27,460.450012
1350,2014-03-28,482.609985
1351,2014-03-29,477.109985
1352,2014-03-30,446.920013
1353,2014-03-30,444.660004
1354,2014-03-31,463.450012
1355,2014-04-01,424.369995
1356,2014-04-02,436.30999800000006
1357,2014-04-03,444.359985
1358,2014-04-04,456.630005
1359,2014-04-05,455.690002
1360,2014-04-06,462.380005
1361,2014-04-07,466.55999800000006
1362,2014-04-08,457.339996
1363,2014-04-09,384.630005
1364,2014-04-10,435.14001500000006
1365,2014-04-11,437.64999400000005
1366,2014-04-12,427.600006
1367,2014-04-13,478.380005
1368,2014-04-14,526.429993
1369,2014-04-15,536.950012
1370,2014-04-16,502.0
1371,2014-04-17,485.519989
1372,2014-04-18,506.019989
1373,2014-04-19,498.51001
1374,2014-04-20,495.160004
1375,2014-04-21,487.910004
1376,2014-04-22,487.299988
1377,2014-04-23,500.290009
1378,2014-04-24,464.48999
1379,2014-04-25,457.869995
1380,2014-04-26,443.179993
1381,2014-04-27,441.920013
1382,2014-04-28,446.119995
1383,2014-04-29,445.630005
1384,2014-04-30,460.130005
1385,2014-05-01,453.670013
1386,2014-05-02,438.64999400000005
1387,2014-05-03,436.049988
1388,2014-05-04,430.869995
1389,2014-05-05,432.190002
1390,2014-05-06,446.549988
1391,2014-05-07,441.109985
1392,2014-05-08,445.450012
1393,2014-05-09,451.89999400000005
1394,2014-05-10,433.2300110000001
1395,2014-05-11,438.209991
1396,2014-05-12,433.920013
1397,2014-05-13,442.630005
1398,2014-05-14,448.100006
1399,2014-05-15,453.630005
1400,2014-05-16,452.790009
1401,2014-05-17,450.14001500000006
1402,2014-05-18,443.89999400000005
1403,2014-05-19,484.570007
1404,2014-05-20,488.839996
1405,2014-05-21,515.3599849999998
1406,2014-05-22,518.090027
1407,2014-05-23,520.460022
1408,2014-05-24,570.4400019999998
1409,2014-05-25,582.01001
1410,2014-05-26,570.099976
1411,2014-05-27,570.840027
1412,2014-05-28,564.419983
1413,2014-05-29,612.349976
1414,2014-05-30,627.909973
1415,2014-05-31,649.789978
1416,2014-06-01,655.48999
1417,2014-06-02,669.429993
1418,2014-06-03,638.929993
1419,2014-06-04,660.179993
1420,2014-06-05,650.409973
1421,2014-06-06,651.669983
1422,2014-06-07,651.049988
1423,2014-06-08,644.349976
1424,2014-06-09,655.619995
1425,2014-06-10,642.950012
1426,2014-06-11,597.130005
1427,2014-06-12,610.349976
1428,2014-06-13,583.419983
1429,2014-06-14,582.289978
1430,2014-06-15,599.080017
1431,2014-06-16,605.090027
1432,2014-06-17,606.210022
1433,2014-06-18,600.169983
1434,2014-06-19,590.75
1435,2014-06-20,597.039978
1436,2014-06-21,603.619995
1437,2014-06-22,591.169983
1438,2014-06-23,588.77002
1439,2014-06-24,568.450012
1440,2014-06-25,582.700012
1441,2014-06-26,602.22998
1442,2014-06-27,597.5599980000002
1443,2014-06-28,601.0599980000002
1444,2014-06-29,635.1400150000002
1445,2014-06-30,643.1900019999998
1446,2014-07-01,645.719971
1447,2014-07-02,638.030029
1448,2014-07-03,623.960022
1449,2014-07-04,622.960022
1450,2014-07-05,626.650024
1451,2014-07-06,613.599976
1452,2014-07-07,615.320007
1453,2014-07-08,623.0
1454,2014-07-09,618.3900150000002
1455,2014-07-10,632.900024
1456,2014-07-11,635.900024
1457,2014-07-12,628.030029
1458,2014-07-13,618.320007
1459,2014-07-14,619.599976
1460,2014-07-15,614.799988
1461,2014-07-16,626.580017
1462,2014-07-17,627.469971
1463,2014-07-18,627.039978
1464,2014-07-19,620.97998
1465,2014-07-20,625.130005
1466,2014-07-21,622.530029
1467,2014-07-22,621.6900019999998
1468,2014-07-23,601.869995
1469,2014-07-24,600.5
1470,2014-07-25,596.0
1471,2014-07-26,595.030029
1472,2014-07-27,587.929993
1473,2014-07-28,585.77002
1474,2014-07-29,564.6400150000002
1475,2014-07-30,589.52002
1476,2014-07-31,598.780029
1477,2014-08-01,591.719971
1478,2014-08-02,588.9400019999998
1479,2014-08-03,592.77002
1480,2014-08-04,588.76001
1481,2014-08-05,589.77002
1482,2014-08-06,592.799988
1483,2014-08-07,595.849976
1484,2014-08-08,589.52002
1485,2014-08-09,592.0599980000002
1486,2014-08-10,575.8900150000002
1487,2014-08-11,567.659973
1488,2014-08-12,542.099976
1489,2014-08-13,504.799988
1490,2014-08-14,496.450012
1491,2014-08-15,522.01001
1492,2014-08-16,485.5
1493,2014-08-17,462.179993
1494,2014-08-18,485.119995
1495,2014-08-19,516.780029
1496,2014-08-20,517.9400019999998
1497,2014-08-21,516.099976
1498,2014-08-22,497.679993
1499,2014-08-23,509.709991
1500,2014-08-24,502.929993
1501,2014-08-25,512.5599980000002
1502,2014-08-26,515.22998
1503,2014-08-27,510.75
1504,2014-08-28,512.5599980000002
1505,2014-08-29,505.959991
1506,2014-08-30,481.779999
1507,2014-08-31,477.190002
1508,2014-09-01,478.940002
1509,2014-09-02,480.040009
1510,2014-09-03,490.98999
1511,2014-09-04,483.64999400000005
1512,2014-09-05,484.470001
1513,2014-09-06,485.75
1514,2014-09-07,475.690002
1515,2014-09-08,474.89999400000005
1516,2014-09-09,479.700012
1517,2014-09-10,478.48999
1518,2014-09-11,477.7300110000001
1519,2014-09-12,478.170013
1520,2014-09-13,477.73999
1521,2014-09-14,477.709991
1522,2014-09-15,466.75
1523,2014-09-16,461.089996
1524,2014-09-17,424.26001
1525,2014-09-18,397.670013
1526,2014-09-19,411.529999
1527,2014-09-20,401.619995
1528,2014-09-21,404.089996
1529,2014-09-22,436.859985
1530,2014-09-23,423.769989
1531,2014-09-24,412.290009
1532,2014-09-25,404.459991
1533,2014-09-26,399.019989
1534,2014-09-27,379.079987
1535,2014-09-28,376.769989
1536,2014-09-29,388.170013
1537,2014-09-30,382.839996
1538,2014-10-01,375.140015
1539,2014-10-02,363.450012
1540,2014-10-03,335.320007
1541,2014-10-04,322.859985
1542,2014-10-05,331.549988
1543,2014-10-06,331.649994
1544,2014-10-07,350.869995
1545,2014-10-08,360.910004
1546,2014-10-09,361.709991
1547,2014-10-10,361.220001
1548,2014-10-11,373.170013
1549,2014-10-12,387.320007
1550,2014-10-13,397.100006
1551,2014-10-14,393.170013
1552,2014-10-15,379.769989
1553,2014-10-16,380.480011
1554,2014-10-17,390.880005
1555,2014-10-18,387.279999
1556,2014-10-19,380.390015
1557,2014-10-20,382.350006
1558,2014-10-21,378.929993
1559,2014-10-22,355.7799990000001
1560,2014-10-23,355.100006
1561,2014-10-24,346.720001
1562,2014-10-25,348.670013
1563,2014-10-27,350.089996
1564,2014-10-28,351.059998
1565,2014-10-29,335.119995
1566,2014-10-30,344.859985
1567,2014-10-31,337.869995
1568,2014-11-01,325.429993
1569,2014-11-02,322.549988
1570,2014-11-03,324.23999
1571,2014-11-04,327.959991
1572,2014-11-05,338.01001
1573,2014-11-06,347.670013
1574,2014-11-07,341.869995
1575,2014-11-08,343.540009
1576,2014-11-09,362.040009
1577,2014-11-10,367.149994
1578,2014-11-11,365.420013
1579,2014-11-12,432.029999
1580,2014-11-13,428.720001
1581,2014-11-14,396.529999
1582,2014-11-15,374.859985
1583,2014-11-16,385.609985
1584,2014-11-17,384.690002
1585,2014-11-18,379.160004
1586,2014-11-19,381.429993
1587,2014-11-20,357.299988
1588,2014-11-21,351.769989
1589,2014-11-22,352.01001
1590,2014-11-23,365.850006
1591,2014-11-24,378.850006
1592,2014-11-25,376.429993
1593,2014-11-26,365.350006
1594,2014-11-27,368.829987
1595,2014-11-28,377.589996
1596,2014-11-29,376.279999
1597,2014-11-30,374.929993
1598,2014-12-01,378.609985
1599,2014-12-02,380.640015
1600,2014-12-03,376.959991
1601,2014-12-04,369.839996
1602,2014-12-05,377.630005
1603,2014-12-06,376.26001
1604,2014-12-07,376.470001
1605,2014-12-08,364.950012
1606,2014-12-09,352.190002
1607,2014-12-10,347.940002
1608,2014-12-11,347.679993
1609,2014-12-12,353.399994
1610,2014-12-13,348.23999
1611,2014-12-14,349.350006
1612,2014-12-15,345.369995
1613,2014-12-16,330.220001
1614,2014-12-17,320.019989
1615,2014-12-18,310.339996
1616,2014-12-19,317.7799990000001
1617,2014-12-20,330.350006
1618,2014-12-21,322.630005
1619,2014-12-22,330.839996
1620,2014-12-23,335.25
1621,2014-12-24,322.399994
1622,2014-12-25,318.98999
1623,2014-12-26,329.980011
1624,2014-12-27,315.339996
1625,2014-12-28,316.5299990000001
1626,2014-12-29,314.119995
1627,2014-12-30,311.269989
1628,2014-12-31,318.23999
1629,2015-01-01,314.890015
1630,2015-01-02,315.209991
1631,2015-01-03,287.130005
1632,2015-01-04,264.720001
1633,2015-01-05,274.839996
1634,2015-01-06,282.269989
1635,2015-01-07,291.339996
1636,2015-01-08,282.690002
1637,2015-01-09,287.970001
1638,2015-01-10,273.350006
1639,2015-01-11,264.769989
1640,2015-01-12,269.329987
1641,2015-01-13,221.289993
1642,2015-01-14,164.919998
1643,2015-01-15,209.77999900000003
1644,2015-01-16,206.919998
1645,2015-01-17,199.649994
1646,2015-01-18,210.619995
1647,2015-01-19,215.869995
1648,2015-01-20,210.550003
1649,2015-01-21,228.169998
1650,2015-01-22,232.699997
1651,2015-01-23,232.169998
1652,2015-01-24,248.160004
1653,2015-01-25,252.089996
1654,2015-01-26,269.179993
1655,2015-01-27,263.269989
1656,2015-01-28,236.169998
1657,2015-01-29,233.990005
1658,2015-01-30,231.839996
1659,2015-01-31,218.50999500000003
1660,2015-02-01,225.289993
1661,2015-02-02,238.860001
1662,2015-02-03,227.410004
1663,2015-02-04,226.580002
1664,2015-02-05,216.520004
1665,2015-02-06,222.960007
1666,2015-02-07,227.679993
1667,2015-02-08,223.669998
1668,2015-02-09,220.339996
1669,2015-02-10,219.669998
1670,2015-02-11,218.830002
1671,2015-02-12,221.789993
1672,2015-02-13,236.169998
1673,2015-02-14,258.640015
1674,2015-02-15,233.270004
1675,2015-02-16,235.830002
1676,2015-02-17,243.199997
1677,2015-02-18,235.199997
1678,2015-02-19,241.919998
1679,2015-02-20,244.520004
1680,2015-02-21,244.410004
1681,2015-02-22,235.729996
1682,2015-02-23,238.820007
1683,2015-02-24,238.889999
1684,2015-02-25,237.330002
1685,2015-02-26,236.52999900000003
1686,2015-02-27,253.470001
1687,2015-02-28,254.059998
1688,2015-03-01,257.940002
1689,2015-03-02,273.75
1690,2015-03-03,280.649994
1691,2015-03-04,271.920013
1692,2015-03-05,275.230011
1693,2015-03-06,272.559998
1694,2015-03-07,274.910004
1695,2015-03-08,274.48999
1696,2015-03-09,290.019989
1697,2015-03-10,291.369995
1698,2015-03-11,295.600006
1699,2015-03-12,293.850006
1700,2015-03-13,287.209991
1701,2015-03-14,281.600006
1702,2015-03-15,284.880005
1703,2015-03-16,290.410004
1704,2015-03-17,285.380005
1705,2015-03-18,255.919998
1706,2015-03-19,260.929993
1707,2015-03-20,261.77999900000003
1708,2015-03-21,259.709991
1709,2015-03-22,268.570007
1710,2015-03-23,265.459991
1711,2015-03-24,246.720001
1712,2015-03-25,246.369995
1713,2015-03-26,248.020004
1714,2015-03-27,247.210007
1715,2015-03-28,252.020004
1716,2015-03-29,242.080002
1717,2015-03-29,246.789993
1718,2015-03-30,244.149994
1719,2015-03-31,246.240005
1720,2015-04-01,252.600006
1721,2015-04-02,254.479996
1722,2015-04-03,252.889999
1723,2015-04-04,259.640015
1724,2015-04-05,254.970001
1725,2015-04-06,252.970001
1726,2015-04-07,244.570007
1727,2015-04-08,243.320007
1728,2015-04-09,234.729996
1729,2015-04-10,236.479996
1730,2015-04-11,235.850006
1731,2015-04-12,223.589996
1732,2015-04-13,217.990005
1733,2015-04-14,222.970001
1734,2015-04-15,227.979996
1735,2015-04-16,222.589996
1736,2015-04-17,223.350006
1737,2015-04-18,223.020004
1738,2015-04-19,224.240005
1739,2015-04-20,233.729996
1740,2015-04-21,233.77999900000003
1741,2015-04-22,235.399994
1742,2015-04-23,231.089996
1743,2015-04-24,226.139999
1744,2015-04-25,218.699997
1745,2015-04-26,228.960007
1746,2015-04-27,225.809998
1747,2015-04-28,225.419998
1748,2015-04-29,235.770004
1749,2015-04-30,233.210007
1750,2015-05-01,235.339996
1751,2015-05-02,239.990005
1752,2015-05-03,238.970001
1753,2015-05-04,235.820007
1754,2015-05-05,230.02999900000003
1755,2015-05-06,237.729996
1756,2015-05-07,243.740005
1757,2015-05-08,241.399994
1758,2015-05-09,239.960007
1759,2015-05-10,241.809998
1760,2015-05-11,241.580002
1761,2015-05-12,236.380005
1762,2015-05-13,236.899994
1763,2015-05-14,237.199997
1764,2015-05-15,236.229996
1765,2015-05-16,236.300003
1766,2015-05-17,232.639999
1767,2015-05-18,232.020004
1768,2015-05-19,233.960007
1769,2015-05-20,235.380005
1770,2015-05-21,240.369995
1771,2015-05-22,238.940002
1772,2015-05-23,240.979996
1773,2015-05-24,237.410004
1774,2015-05-25,237.839996
1775,2015-05-26,237.289993
1776,2015-05-27,237.320007
1777,2015-05-28,237.02999900000003
1778,2015-05-29,233.220001
1779,2015-05-30,229.839996
1780,2015-05-31,223.139999
1781,2015-06-01,225.740005
1782,2015-06-02,225.589996
1783,2015-06-03,224.220001
1784,2015-06-04,225.289993
1785,2015-06-05,224.740005
1786,2015-06-06,223.470001
1787,2015-06-07,228.570007
1788,2015-06-08,229.559998
1789,2015-06-09,228.789993
1790,2015-06-10,229.880005
1791,2015-06-11,230.460007
1792,2015-06-12,232.479996
1793,2015-06-13,233.75
1794,2015-06-14,237.0
1795,2015-06-15,249.820007
1796,2015-06-16,247.380005
1797,2015-06-17,248.440002
1798,2015-06-18,244.130005
1799,2015-06-19,244.979996
1800,2015-06-20,244.100006
1801,2015-06-21,247.460007
1802,2015-06-22,243.75999500000003
1803,2015-06-23,240.559998
1804,2015-06-24,242.559998
1805,2015-06-25,242.949997
1806,2015-06-26,250.729996
1807,2015-06-27,248.880005
1808,2015-06-28,256.970001
1809,2015-06-29,264.119995
1810,2015-06-30,257.619995
1811,2015-07-01,254.880005
1812,2015-07-02,255.399994
1813,2015-07-03,260.549988
1814,2015-07-04,270.140015
1815,2015-07-05,269.079987
1816,2015-07-06,266.209991
1817,2015-07-07,268.640015
1818,2015-07-08,269.140015
1819,2015-07-09,283.619995
1820,2015-07-10,291.970001
1821,2015-07-11,310.440002
1822,2015-07-12,290.350006
1823,2015-07-13,286.959991
1824,2015-07-14,283.420013
1825,2015-07-15,276.589996
1826,2015-07-16,279.619995
1827,2015-07-17,274.049988
1828,2015-07-18,273.179993
1829,2015-07-19,277.679993
1830,2015-07-20,275.089996
1831,2015-07-21,276.459991
1832,2015-07-22,275.519989
1833,2015-07-23,288.369995
1834,2015-07-24,288.73999
1835,2015-07-25,291.769989
1836,2015-07-26,293.01001
1837,2015-07-27,293.700012
1838,2015-07-28,288.369995
1839,2015-07-29,287.019989
1840,2015-07-30,283.730011
1841,2015-07-31,280.470001
1842,2015-08-01,281.359985
1843,2015-08-02,281.579987
1844,2015-08-03,284.299988
1845,2015-08-04,281.720001
1846,2015-08-05,278.0
1847,2015-08-06,277.890015
1848,2015-08-07,258.600006
1849,2015-08-08,263.869995
1850,2015-08-09,263.299988
1851,2015-08-10,269.02999900000003
1852,2015-08-11,267.660004
1853,2015-08-12,263.440002
1854,2015-08-13,265.02999900000003
1855,2015-08-14,260.519989
1856,2015-08-15,257.119995
1857,2015-08-16,257.130005
1858,2015-08-17,246.720001
1859,2015-08-18,226.0
1860,2015-08-19,234.660004
1861,2015-08-20,232.399994
1862,2015-08-21,229.539993
1863,2015-08-22,226.75
1864,2015-08-23,211.429993
1865,2015-08-24,220.50999500000003
1866,2015-08-25,224.970001
1867,2015-08-26,222.729996
1868,2015-08-27,231.639999
1869,2015-08-28,228.5
1870,2015-08-29,228.399994
1871,2015-08-30,229.470001
1872,2015-08-31,227.179993
1873,2015-09-01,228.630005
1874,2015-09-02,226.199997
1875,2015-09-03,230.25
1876,2015-09-04,233.669998
1877,2015-09-05,239.860001
1878,2015-09-06,239.580002
1879,2015-09-07,243.240005
1880,2015-09-08,237.410004
1881,2015-09-09,238.080002
1882,2015-09-10,239.899994
1883,2015-09-11,235.600006
1884,2015-09-12,230.190002
1885,2015-09-13,229.910004
1886,2015-09-14,229.52999900000003
1887,2015-09-15,228.600006
1888,2015-09-16,232.720001
1889,2015-09-17,232.210007
1890,2015-09-18,231.110001
1891,2015-09-19,231.089996
1892,2015-09-20,226.330002
1893,2015-09-21,230.00999500000003
1894,2015-09-22,229.889999
1895,2015-09-23,233.75999500000003
1896,2015-09-24,235.02999900000003
1897,2015-09-25,234.300003
1898,2015-09-26,232.5
1899,2015-09-27,238.869995
1900,2015-09-28,236.710007
1901,2015-09-29,235.929993
1902,2015-09-30,237.050003
1903,2015-10-01,236.710007
1904,2015-10-02,238.580002
1905,2015-10-03,238.330002
1906,2015-10-04,240.149994
1907,2015-10-05,246.139999
1908,2015-10-06,242.979996
1909,2015-10-07,242.580002
1910,2015-10-08,244.039993
1911,2015-10-09,245.350006
1912,2015-10-10,247.649994
1913,2015-10-11,245.350006
1914,2015-10-12,248.77999900000003
1915,2015-10-13,252.330002
1916,2015-10-14,254.440002
1917,2015-10-15,262.869995
1918,2015-10-16,269.579987
1919,2015-10-17,261.670013
1920,2015-10-18,263.820007
1921,2015-10-19,269.75
1922,2015-10-20,267.109985
1923,2015-10-21,274.420013
1924,2015-10-22,276.920013
1925,2015-10-23,282.559998
1926,2015-10-24,287.859985
1927,2015-10-26,285.149994
1928,2015-10-27,294.660004
1929,2015-10-28,303.540009
1930,2015-10-29,313.630005
1931,2015-10-30,327.119995
1932,2015-10-31,311.23999
1933,2015-11-01,322.950012
1934,2015-11-02,359.2799990000001
1935,2015-11-03,396.48999
1936,2015-11-04,400.890015
1937,2015-11-05,382.700012
1938,2015-11-06,369.809998
1939,2015-11-07,385.089996
1940,2015-11-08,371.559998
1941,2015-11-09,380.220001
1942,2015-11-10,336.690002
1943,2015-11-11,304.709991
1944,2015-11-12,333.850006
1945,2015-11-13,333.769989
1946,2015-11-14,331.769989
1947,2015-11-15,317.450012
1948,2015-11-16,330.209991
1949,2015-11-17,333.910004
1950,2015-11-18,335.920013
1951,2015-11-19,324.980011
1952,2015-11-20,321.119995
1953,2015-11-21,324.700012
1954,2015-11-22,322.7799990000001
1955,2015-11-23,322.119995
1956,2015-11-24,318.350006
1957,2015-11-25,327.519989
1958,2015-11-26,353.73999
1959,2015-11-27,359.519989
1960,2015-11-28,355.829987
1961,2015-11-29,370.839996
1962,2015-11-30,377.970001
1963,2015-12-01,361.799988
1964,2015-12-02,359.980011
1965,2015-12-03,360.309998
1966,2015-12-04,361.670013
1967,2015-12-05,386.690002
1968,2015-12-06,393.380005
1969,2015-12-07,394.279999
1970,2015-12-08,410.670013
1971,2015-12-09,416.0
1972,2015-12-10,415.48999
1973,2015-12-11,449.829987
1974,2015-12-12,432.290009
1975,2015-12-13,434.690002
1976,2015-12-14,442.0
1977,2015-12-15,462.64999400000005
1978,2015-12-16,453.9800110000001
1979,2015-12-17,455.529999
1980,2015-12-18,463.179993
1981,2015-12-19,461.200012
1982,2015-12-20,441.779999
1983,2015-12-21,437.589996
1984,2015-12-22,437.029999
1985,2015-12-23,442.429993
1986,2015-12-24,452.9800110000001
1987,2015-12-25,454.049988
1988,2015-12-26,415.369995
1989,2015-12-27,422.39001500000006
1990,2015-12-28,421.76001
1991,2015-12-29,431.920013
1992,2015-12-30,427.14999400000005
1993,2015-12-31,429.950012
1994,2016-01-01,433.98999
1995,2016-01-02,433.720001
1996,2016-01-03,430.700012
1997,2016-01-04,433.320007
1998,2016-01-05,431.200012
1999,2016-01-06,430.820007
2000,2016-01-07,457.049988
2001,2016-01-08,452.869995
2002,2016-01-09,448.30999800000006
2003,2016-01-10,446.190002
2004,2016-01-11,447.720001
2005,2016-01-12,445.040009
2006,2016-01-13,432.179993
2007,2016-01-14,429.130005
2008,2016-01-15,372.26001
2009,2016-01-16,385.040009
2010,2016-01-17,382.470001
2011,2016-01-18,384.399994
2012,2016-01-19,379.459991
2013,2016-01-20,414.579987
2014,2016-01-21,410.23999
2015,2016-01-22,382.649994
2016,2016-01-23,388.609985
2017,2016-01-24,402.130005
2018,2016-01-25,392.76001
2019,2016-01-26,389.779999
2020,2016-01-27,395.019989
2021,2016-01-28,379.690002
2022,2016-01-29,380.290009
2023,2016-01-30,377.76001
2024,2016-01-31,369.839996
2025,2016-02-01,372.179993
2026,2016-02-02,373.920013
2027,2016-02-03,368.019989
2028,2016-02-04,390.649994
2029,2016-02-05,386.459991
2030,2016-02-06,376.679993
2031,2016-02-07,377.940002
2032,2016-02-08,372.630005
2033,2016-02-09,375.320007
2034,2016-02-10,381.880005
2035,2016-02-11,379.450012
2036,2016-02-12,384.040009
2037,2016-02-13,390.100006
2038,2016-02-14,405.5
2039,2016-02-15,401.070007
2040,2016-02-16,406.420013
2041,2016-02-17,417.140015
2042,2016-02-18,421.39999400000005
2043,2016-02-19,419.9800110000001
2044,2016-02-20,440.05999800000006
2045,2016-02-21,437.869995
2046,2016-02-22,437.790009
2047,2016-02-23,419.89999400000005
2048,2016-02-24,422.720001
2049,2016-02-25,423.4800110000001
2050,2016-02-26,427.320007
2051,2016-02-27,431.299988
2052,2016-02-28,432.470001
2053,2016-02-29,436.209991
2054,2016-03-01,434.040009
2055,2016-03-02,425.359985
2056,2016-03-03,419.55999800000006
2057,2016-03-04,409.480011
2058,2016-03-05,399.0
2059,2016-03-06,405.959991
2060,2016-03-07,414.869995
2061,2016-03-08,411.899994
2062,2016-03-09,412.76001
2063,2016-03-10,415.829987
2064,2016-03-11,419.109985
2065,2016-03-12,410.359985
2066,2016-03-13,412.410004
2067,2016-03-14,414.309998
2068,2016-03-15,415.130005
2069,2016-03-16,415.910004
2070,2016-03-17,418.160004
2071,2016-03-18,408.160004
2072,2016-03-19,408.690002
2073,2016-03-20,411.529999
2074,2016-03-21,411.109985
2075,2016-03-22,416.209991
2076,2016-03-23,416.980011
2077,2016-03-24,414.73999
2078,2016-03-25,415.709991
2079,2016-03-26,416.51001
2080,2016-03-27,424.570007
2081,2016-03-27,422.209991
2082,2016-03-28,415.0
2083,2016-03-29,412.440002
2084,2016-03-30,415.660004
2085,2016-03-31,415.640015
2086,2016-04-01,418.51001
2087,2016-04-02,419.059998
2088,2016-04-03,419.329987
2089,2016-04-04,422.070007
2090,2016-04-05,421.26001
2091,2016-04-06,420.14001500000006
2092,2016-04-07,417.690002
2093,2016-04-08,418.049988
2094,2016-04-09,420.25
2095,2016-04-10,421.429993
2096,2016-04-11,424.73999
2097,2016-04-12,423.470001
2098,2016-04-13,424.019989
2099,2016-04-14,428.670013
2100,2016-04-15,430.049988
2101,2016-04-16,426.26001
2102,2016-04-17,427.690002
2103,2016-04-18,434.920013
2104,2016-04-19,441.160004
2105,2016-04-20,449.339996
2106,2016-04-21,445.279999
2107,2016-04-22,450.079987
2108,2016-04-23,457.55999800000006
2109,2016-04-24,461.7300110000001
2110,2016-04-25,466.0
2111,2016-04-26,447.01001
2112,2016-04-27,448.4800110000001
2113,2016-04-28,454.9800110000001
2114,2016-04-29,448.529999
2115,2016-04-30,452.23999
2116,2016-05-01,444.179993
2117,2016-05-02,450.269989
2118,2016-05-03,445.799988
2119,2016-05-04,448.079987
2120,2016-05-05,459.55999800000006
2121,2016-05-06,458.459991
2122,2016-05-07,457.869995
2123,2016-05-08,460.440002
2124,2016-05-09,449.359985
2125,2016-05-10,452.5
2126,2016-05-11,454.429993
2127,2016-05-12,455.410004
2128,2016-05-13,456.440002
2129,2016-05-14,458.109985
2130,2016-05-15,454.869995
2131,2016-05-16,453.25
2132,2016-05-17,454.220001
2133,2016-05-18,442.660004
2134,2016-05-19,442.109985
2135,2016-05-20,443.64001500000006
2136,2016-05-21,439.619995
2137,2016-05-22,443.690002
2138,2016-05-23,446.109985
2139,2016-05-24,449.779999
2140,2016-05-25,453.299988
2141,2016-05-26,474.049988
2142,2016-05-27,524.219971
2143,2016-05-28,516.049988
2144,2016-05-29,532.26001
2145,2016-05-30,528.919983
2146,2016-05-31,537.400024
2147,2016-06-01,537.099976
2148,2016-06-02,567.030029
2149,2016-06-03,571.950012
2150,2016-06-04,574.909973
2151,2016-06-05,583.580017
2152,2016-06-06,575.580017
2153,2016-06-07,580.51001
2154,2016-06-08,574.6900019999998
2155,2016-06-09,577.8900150000002
2156,2016-06-10,591.599976
2157,2016-06-11,666.549988
2158,2016-06-12,700.070007
2159,2016-06-13,685.1400150000002
2160,2016-06-14,690.77002
2161,2016-06-15,761.210022
2162,2016-06-16,743.900024
2163,2016-06-17,753.77002
2164,2016-06-18,761.039978
2165,2016-06-19,733.969971
2166,2016-06-20,667.380005
2167,2016-06-21,590.5599980000002
2168,2016-06-22,620.840027
2169,2016-06-23,656.8900150000002
2170,2016-06-24,663.52002
2171,2016-06-25,625.409973
2172,2016-06-26,644.659973
2173,2016-06-27,644.8900150000002
2174,2016-06-28,636.539978
2175,2016-06-29,670.02002
2176,2016-06-30,674.570007
2177,2016-07-01,698.0599980000002
2178,2016-07-02,661.6400150000002
2179,2016-07-03,675.159973
2180,2016-07-04,663.669983
2181,2016-07-05,672.700012
2182,2016-07-06,635.25
2183,2016-07-07,662.780029
2184,2016-07-08,651.830017
2185,2016-07-09,647.1099849999998
2186,2016-07-10,646.710022
2187,2016-07-11,670.5599980000002
2188,2016-07-12,661.150024
2189,2016-07-13,657.25
2190,2016-07-14,664.200012
2191,2016-07-15,660.6900019999998
2192,2016-07-16,676.330017
2193,2016-07-17,670.380005
2194,2016-07-18,671.099976
2195,2016-07-19,664.400024
2196,2016-07-20,664.619995
2197,2016-07-21,651.1099849999998
2198,2016-07-22,655.159973
2199,2016-07-23,659.289978
2200,2016-07-24,654.0
2201,2016-07-25,654.380005
2202,2016-07-26,654.539978
2203,2016-07-27,654.130005
2204,2016-07-28,655.429993
2205,2016-07-29,654.73999
2206,2016-07-30,621.869995
2207,2016-07-31,607.0
2208,2016-08-01,513.429993
2209,2016-08-02,566.4400019999998
2210,2016-08-03,576.219971
2211,2016-08-04,574.659973
2212,2016-08-05,586.450012
2213,2016-08-06,590.849976
2214,2016-08-07,589.23999
2215,2016-08-08,585.25
2216,2016-08-09,590.9400019999998
2217,2016-08-10,587.840027
2218,2016-08-11,587.1400150000002
2219,2016-08-12,584.590027
2220,2016-08-13,569.0599980000002
2221,2016-08-14,566.950012
2222,2016-08-15,580.1900019999998
2223,2016-08-16,572.340027
2224,2016-08-17,573.3900150000002
2225,2016-08-18,574.5599980000002
2226,2016-08-19,582.6099849999998
2227,2016-08-20,580.659973
2228,2016-08-21,587.469971
2229,2016-08-22,583.5599980000002
2230,2016-08-23,579.659973
2231,2016-08-24,577.960022
2232,2016-08-25,579.369995
2233,2016-08-26,570.349976
2234,2016-08-27,574.97998
2235,2016-08-28,574.22998
2236,2016-08-29,577.320007
2237,2016-08-30,573.880005
2238,2016-08-31,571.98999
2239,2016-09-01,575.289978
2240,2016-09-02,598.840027
2241,2016-09-03,609.549988
2242,2016-09-04,605.76001
2243,2016-09-05,610.4400019999998
2244,2016-09-06,613.210022
2245,2016-09-07,625.570007
2246,2016-09-08,623.159973
2247,2016-09-09,624.52002
2248,2016-09-10,605.6099849999998
2249,2016-09-11,607.97998
2250,2016-09-12,608.6099849999998
2251,2016-09-13,609.539978
2252,2016-09-14,608.1099849999998
2253,2016-09-15,607.780029
2254,2016-09-16,607.080017
2255,2016-09-17,610.700012
2256,2016-09-18,609.849976
2257,2016-09-19,609.23999
2258,2016-09-20,597.159973
2259,2016-09-21,595.630005
2260,2016-09-22,602.919983
2261,2016-09-23,602.590027
2262,2016-09-24,601.48999
2263,2016-09-25,606.539978
2264,2016-09-26,605.469971
2265,2016-09-27,604.669983
2266,2016-09-28,604.700012
2267,2016-09-29,608.1400150000002
2268,2016-09-30,613.409973
2269,2016-10-01,610.6900019999998
2270,2016-10-02,611.599976
2271,2016-10-03,608.960022
2272,2016-10-04,611.820007
2273,2016-10-05,610.969971
2274,2016-10-06,616.030029
2275,2016-10-07,617.650024
2276,2016-10-08,615.77002
2277,2016-10-09,617.289978
2278,2016-10-10,640.450012
2279,2016-10-11,635.98999
2280,2016-10-12,635.599976
2281,2016-10-13,637.919983
2282,2016-10-14,637.030029
2283,2016-10-15,640.119995
2284,2016-10-16,637.369995
2285,2016-10-17,635.340027
2286,2016-10-18,629.0599980000002
2287,2016-10-19,628.340027
2288,2016-10-20,630.450012
2289,2016-10-21,655.47998
2290,2016-10-22,653.030029
2291,2016-10-23,650.48999
2292,2016-10-24,651.0
2293,2016-10-25,674.669983
2294,2016-10-26,682.299988
2295,2016-10-27,686.23999
2296,2016-10-28,714.950012
2297,2016-10-29,697.27002
2298,2016-10-31,698.669983
2299,2016-11-01,726.76001
2300,2016-11-02,733.51001
2301,2016-11-03,684.869995
2302,2016-11-04,702.080017
2303,2016-11-05,702.1099849999998
2304,2016-11-06,709.909973
2305,2016-11-07,705.400024
2306,2016-11-08,710.900024
2307,2016-11-09,721.419983
2308,2016-11-10,714.570007
2309,2016-11-11,714.969971
2310,2016-11-12,704.27002
2311,2016-11-13,701.969971
2312,2016-11-14,704.5599980000002
2313,2016-11-15,711.099976
2314,2016-11-16,740.280029
2315,2016-11-17,737.530029
2316,2016-11-18,746.960022
2317,2016-11-19,747.8900150000002
2318,2016-11-20,728.51001
2319,2016-11-21,736.1900019999998
2320,2016-11-22,749.340027
2321,2016-11-23,741.070007
2322,2016-11-24,735.3099980000002
2323,2016-11-25,740.3900150000002
2324,2016-11-26,734.1400150000002
2325,2016-11-27,729.419983
2326,2016-11-28,733.299988
2327,2016-11-29,732.5599980000002
2328,2016-11-30,742.48999
2329,2016-12-01,752.630005
2330,2016-12-02,770.9400019999998
2331,2016-12-03,764.23999
2332,2016-12-04,766.3900150000002
2333,2016-12-05,754.340027
2334,2016-12-06,758.210022
2335,2016-12-07,765.5599980000002
2336,2016-12-08,768.48999
2337,2016-12-09,770.47998
2338,2016-12-10,774.0
2339,2016-12-11,767.909973
2340,2016-12-12,778.469971
2341,2016-12-13,778.73999
2342,2016-12-14,776.5
2343,2016-12-15,775.210022
2344,2016-12-16,782.049988
2345,2016-12-17,787.169983
2346,2016-12-18,789.01001
2347,2016-12-19,789.789978
2348,2016-12-20,799.099976
2349,2016-12-21,829.210022
2350,2016-12-22,860.150024
2351,2016-12-23,917.169983
2352,2016-12-24,891.070007
2353,2016-12-25,891.070007
2354,2016-12-26,898.3800050000001
2355,2016-12-27,925.780029
2356,2016-12-28,972.169983
2357,2016-12-29,971.080017
2358,2016-12-30,959.039978
2359,2016-12-31,963.380005
2360,2017-01-01,995.440002
2361,2017-01-02,1017.049988
2362,2017-01-03,1033.300049
2363,2017-01-04,1135.410034
2364,2017-01-05,989.349976
2365,2017-01-06,886.159973
2366,2017-01-07,888.8699949999999
2367,2017-01-08,900.859985
2368,2017-01-09,899.7800289999999
2369,2017-01-10,904.369995
2370,2017-01-11,785.429993
2371,2017-01-12,810.1099849999998
2372,2017-01-13,824.830017
2373,2017-01-14,819.630005
2374,2017-01-15,821.169983
2375,2017-01-16,827.340027
2376,2017-01-17,899.659973
2377,2017-01-18,872.0300289999999
2378,2017-01-19,895.2100220000002
2379,2017-01-20,892.909973
2380,2017-01-21,919.840027
2381,2017-01-22,918.840027
2382,2017-01-23,921.460022
2383,2017-01-24,893.75
2384,2017-01-25,894.409973
2385,2017-01-26,915.559998
2386,2017-01-27,918.01001
2387,2017-01-28,918.51001
2388,2017-01-29,914.549988
2389,2017-01-30,920.72998
2390,2017-01-31,965.48999
2391,2017-02-01,982.429993
2392,2017-02-02,1003.969971
2393,2017-02-03,1013.02002
2394,2017-02-04,1031.849976
2395,2017-02-05,1016.109985
2396,2017-02-06,1024.670044
2397,2017-02-07,1049.560059
2398,2017-02-08,1055.48999
2399,2017-02-09,978.960022
2400,2017-02-10,997.609985
2401,2017-02-11,1008.320007
2402,2017-02-12,996.52002
2403,2017-02-13,995.359985
2404,2017-02-14,1008.340027
2405,2017-02-15,1008.190002
2406,2017-02-16,1031.930054
2407,2017-02-17,1049.410034
2408,2017-02-18,1052.280029
2409,2017-02-19,1048.890015
2410,2017-02-20,1077.560059
2411,2017-02-21,1119.030029
2412,2017-02-22,1120.459961
2413,2017-02-23,1171.910034
2414,2017-02-24,1176.48999
2415,2017-02-25,1149.050049
2416,2017-02-26,1171.579956
2417,2017-02-27,1188.829956
2418,2017-02-28,1189.27002
2419,2017-03-01,1222.660034
2420,2017-03-02,1255.469971
2421,2017-03-03,1283.300049
2422,2017-03-04,1264.319946
2423,2017-03-05,1271.219971
2424,2017-03-06,1277.01001
2425,2017-03-07,1232.689941
2426,2017-03-08,1146.969971
2427,2017-03-09,1191.329956
2428,2017-03-10,1112.390015
2429,2017-03-11,1179.219971
2430,2017-03-12,1225.109985
2431,2017-03-13,1238.189941
2432,2017-03-14,1243.140015
2433,2017-03-15,1253.430054
2434,2017-03-16,1172.880005
2435,2017-03-17,1071.709961
2436,2017-03-18,971.380005
2437,2017-03-19,1022.599976
2438,2017-03-20,1047.51001
2439,2017-03-21,1121.290039
2440,2017-03-22,1044.719971
2441,2017-03-23,1035.030029
2442,2017-03-24,939.700012
2443,2017-03-25,966.299988
2444,2017-03-26,969.440002
2445,2017-03-26,1045.140015
2446,2017-03-27,1044.420044
2447,2017-03-28,1041.900024
2448,2017-03-29,1037.910034
2449,2017-03-30,1079.109985
2450,2017-03-31,1086.119995
2451,2017-04-01,1097.400024
2452,2017-04-02,1147.560059
2453,2017-04-03,1141.77002
2454,2017-04-04,1129.869995
2455,2017-04-05,1188.699951
2456,2017-04-06,1190.48999
2457,2017-04-07,1180.780029
2458,2017-04-08,1204.339966
2459,2017-04-09,1206.709961
2460,2017-04-10,1220.73999
2461,2017-04-11,1212.530029
2462,2017-04-12,1176.199951
2463,2017-04-13,1177.329956
2464,2017-04-14,1176.98999
2465,2017-04-15,1176.800049
2466,2017-04-16,1194.01001
2467,2017-04-17,1206.089966
2468,2017-04-18,1215.199951
2469,2017-04-19,1238.089966
2470,2017-04-20,1249.640015
2471,2017-04-21,1240.890015
2472,2017-04-22,1249.140015
2473,2017-04-23,1248.180054
2474,2017-04-24,1264.310059
2475,2017-04-25,1286.630005
2476,2017-04-26,1332.910034
2477,2017-04-27,1329.619995
2478,2017-04-28,1336.280029
2479,2017-04-29,1351.910034
2480,2017-04-30,1415.810059
2481,2017-05-01,1445.930054
2482,2017-05-02,1485.550049
2483,2017-05-03,1516.76001
2484,2017-05-04,1507.77002
2485,2017-05-05,1545.290039
2486,2017-05-06,1554.449951
2487,2017-05-07,1664.469971
2488,2017-05-08,1697.5
2489,2017-05-09,1752.310059
2490,2017-05-10,1819.290039
2491,2017-05-11,1686.390015
2492,2017-05-12,1763.7399899999998
2493,2017-05-13,1772.550049
2494,2017-05-14,1708.9200440000004
2495,2017-05-15,1729.339966
2496,2017-05-16,1801.300049
2497,2017-05-17,1880.98999
2498,2017-05-18,1962.0
2499,2017-05-19,2040.180054
2500,2017-05-20,2044.189941
2501,2017-05-21,2124.409912
2502,2017-05-22,2272.580078
2503,2017-05-23,2445.280029
2504,2017-05-24,2307.219971
2505,2017-05-25,2244.889893
2506,2017-05-26,2052.429932
2507,2017-05-27,2189.02002
2508,2017-05-28,2278.209961
2509,2017-05-29,2192.550049
2510,2017-05-30,2303.340088
2511,2017-05-31,2412.649902
2512,2017-06-01,2492.600098
2513,2017-06-02,2545.429932
2514,2017-06-03,2524.060059
2515,2017-06-04,2704.959961
2516,2017-06-05,2870.5
2517,2017-06-06,2691.51001
2518,2017-06-07,2798.780029
2519,2017-06-08,2811.429932
2520,2017-06-09,2900.25
2521,2017-06-10,2973.449951
2522,2017-06-11,2656.77002
2523,2017-06-12,2712.98999
2524,2017-06-13,2467.27002
2525,2017-06-14,2442.459961
2526,2017-06-15,2508.580078
2527,2017-06-16,2655.100098
2528,2017-06-17,2539.560059
2529,2017-06-18,2616.820068
2530,2017-06-19,2754.379883
2531,2017-06-20,2677.6201170000004
2532,2017-06-21,2722.840088
2533,2017-06-22,2710.3701170000004
2534,2017-06-23,2590.050049
2535,2017-06-24,2541.6201170000004
2536,2017-06-25,2446.050049
2537,2017-06-26,2583.75
2538,2017-06-27,2577.73999
2539,2017-06-28,2558.3701170000004
2540,2017-06-29,2480.610107
2541,2017-06-30,2424.610107
2542,2017-07-01,2536.459961
2543,2017-07-02,2572.469971
2544,2017-07-03,2617.320068
2545,2017-07-04,2627.860107
2546,2017-07-05,2614.23999
2547,2017-07-06,2513.879883
2548,2017-07-07,2564.860107
2549,2017-07-08,2511.429932
2550,2017-07-09,2344.02002
2551,2017-07-10,2324.290039
2552,2017-07-11,2403.090088
2553,2017-07-12,2362.439941
2554,2017-07-13,2234.169922
2555,2017-07-14,1975.079956
2556,2017-07-15,1914.089966
2557,2017-07-16,2233.389893
2558,2017-07-17,2320.22998
2559,2017-07-18,2282.580078
2560,2017-07-19,2866.02002
2561,2017-07-20,2675.080078
2562,2017-07-21,2836.530029
2563,2017-07-22,2756.610107
2564,2017-07-23,2763.419922
2565,2017-07-24,2582.580078
2566,2017-07-25,2559.209961
2567,2017-07-26,2691.879883
2568,2017-07-27,2806.75
2569,2017-07-28,2733.5
2570,2017-07-29,2766.48999
2571,2017-07-30,2883.27002
2572,2017-07-31,2746.98999
2573,2017-08-01,2720.530029
2574,2017-08-02,2809.98999
2575,2017-08-03,2878.48999
2576,2017-08-04,3262.800049
2577,2017-08-05,3232.030029
2578,2017-08-06,3401.909912
2579,2017-08-07,3429.379883
2580,2017-08-08,3348.790039
2581,2017-08-09,3425.669922
2582,2017-08-10,3654.370117
2583,2017-08-11,3871.620117
2584,2017-08-12,4062.600098
2585,2017-08-13,4327.939941
2586,2017-08-14,4161.660156
2587,2017-08-15,4387.399902
2588,2017-08-16,4278.919922
2589,2017-08-17,4105.370117
2590,2017-08-18,4150.450195
2591,2017-08-19,4066.600098
2592,2017-08-20,4005.100098
2593,2017-08-21,4089.699951
2594,2017-08-22,4141.089844
2595,2017-08-23,4318.350098
2596,2017-08-24,4364.410156
2597,2017-08-25,4352.299805
2598,2017-08-26,4345.75
2599,2017-08-27,4390.310059
2600,2017-08-28,4597.310059
2601,2017-08-29,4583.02002
